ILLUMINA_BioSample,CenterName,ONT_BioSample,BioSample,ILLUMINA_Run,ONT_Run
SAMN36766278,INSTITUT PASTEUR DE MADAGASCAR,SAMN36736233,,,
SAMN36766279,INSTITUT PASTEUR DE MADAGASCAR,SAMN36744121,,,
SAMN36766280,INSTITUT PASTEUR DE MADAGASCAR,SAMN36744122,,,
SAMN36766281,INSTITUT PASTEUR DE MADAGASCAR,SAMN36744123,,,
SAMN27765548,WADSWORTH CENTER,SAMN15703307,,,
SAMN27765549,WADSWORTH CENTER,SAMN15703308,,,
SAMN27765550,WADSWORTH CENTER,SAMN15703309,,,
SAMN27765551,WADSWORTH CENTER,SAMN15703310,,,
SAMN27765544,WADSWORTH CENTER,SAMN15703303,,,
SAMN27765545,WADSWORTH CENTER,SAMN15703304,,,
SAMN27765546,WADSWORTH CENTER,SAMN15703305,,,
SAMN27765560,WADSWORTH CENTER,SAMN15703319,,,
SAMN27765561,WADSWORTH CENTER,SAMN15703320,,,
SAMN27765555,WADSWORTH CENTER,SAMN15703314,,,
SAMN27765556,WADSWORTH CENTER,SAMN15703315,,,
SAMN27765557,WADSWORTH CENTER,SAMN15703316,,,
SAMN27765558,WADSWORTH CENTER,SAMN15703317,,,
SAMN27765559,WADSWORTH CENTER,SAMN15703318,,,
SAMN27765542,WADSWORTH CENTER,SAMN15703301,,,
SAMN27765543,WADSWORTH CENTER,SAMN15703302,,,
SAMN27765552,WADSWORTH CENTER,SAMN15703311,,,
SAMN27765553,WADSWORTH CENTER,SAMN15703312,,,
SAMN27765554,WADSWORTH CENTER,SAMN15703313,,,
SAMN27765851,WADSWORTH CENTER,SAMN15703343,,,
SAMN27765852,WADSWORTH CENTER,SAMN15703344,,,
SAMN27765853,WADSWORTH CENTER,SAMN15703345,,,
SAMN27765854,WADSWORTH CENTER,SAMN15703346,,,
SAMN27765855,WADSWORTH CENTER,SAMN15703347,,,
SAMN27765620,WADSWORTH CENTER,SAMN15703328,,,
SAMN27765621,WADSWORTH CENTER,SAMN15703329,,,
SAMN27765622,WADSWORTH CENTER,SAMN15703330,,,
SAMN27765849,WADSWORTH CENTER,SAMN15703341,,,
SAMN27765850,WADSWORTH CENTER,SAMN15703342,,,
SAMN27765615,WADSWORTH CENTER,SAMN15703323,,,
SAMN27765616,WADSWORTH CENTER,SAMN15703324,,,
SAMN27765617,WADSWORTH CENTER,SAMN15703325,,,
SAMN27765618,WADSWORTH CENTER,SAMN15703326,,,
SAMN27765619,WADSWORTH CENTER,SAMN15703327,,,
SAMN27765628,WADSWORTH CENTER,SAMN15703336,,,
SAMN27765629,WADSWORTH CENTER,SAMN15703337,,,
SAMN27765630,WADSWORTH CENTER,SAMN15703338,,,
SAMN27765631,WADSWORTH CENTER,SAMN15703339,,,
SAMN27765632,WADSWORTH CENTER,SAMN15703340,,,
SAMN27765623,WADSWORTH CENTER,SAMN15703331,,,
SAMN27765624,WADSWORTH CENTER,SAMN15703332,,,
SAMN27765625,WADSWORTH CENTER,SAMN15703333,,,
SAMN27765626,WADSWORTH CENTER,SAMN15703334,,,
SAMN27765627,WADSWORTH CENTER,SAMN15703335,,,
SAMN27764446,WADSWORTH CENTER,SAMN15703288,,,
SAMN27764447,WADSWORTH CENTER,SAMN15703289,,,
SAMN27764448,WADSWORTH CENTER,SAMN15703290,,,
SAMN27765613,WADSWORTH CENTER,SAMN15703321,,,
SAMN27765614,WADSWORTH CENTER,SAMN15703322,,,
SAMN27764442,WADSWORTH CENTER,SAMN15703284,,,
SAMN27764441,WADSWORTH CENTER,SAMN15703283,,,
SAMN27764444,WADSWORTH CENTER,SAMN15703286,,,
SAMN27764445,WADSWORTH CENTER,SAMN15703287,,,
SAMN27764454,WADSWORTH CENTER,SAMN15703296,,,
SAMN27764455,WADSWORTH CENTER,SAMN15703297,,,
SAMN27764456,WADSWORTH CENTER,SAMN15703298,,,
SAMN27764457,WADSWORTH CENTER,SAMN15703299,,,
SAMN27764458,WADSWORTH CENTER,SAMN15703300,,,
SAMN27764449,WADSWORTH CENTER,SAMN15703291,,,
SAMN27764450,WADSWORTH CENTER,SAMN15703292,,,
SAMN27764451,WADSWORTH CENTER,SAMN15703293,,,
SAMN27764452,WADSWORTH CENTER,SAMN15703294,,,
SAMN27764453,WADSWORTH CENTER,SAMN15703295,,,
SAMN27764238,WADSWORTH CENTER,SAMN15703248,,,
SAMN27764239,WADSWORTH CENTER,SAMN15703249,,,
SAMN27764240,WADSWORTH CENTER,SAMN15703250,,,
SAMN27764440,WADSWORTH CENTER,SAMN15703282,,,
SAMN27764439,WADSWORTH CENTER,SAMN15703281,,,
SAMN27764233,WADSWORTH CENTER,SAMN15703243,,,
SAMN27764234,WADSWORTH CENTER,SAMN15703244,,,
SAMN27764235,WADSWORTH CENTER,SAMN15703245,,,
SAMN27764236,WADSWORTH CENTER,SAMN15703246,,,
SAMN27764237,WADSWORTH CENTER,SAMN15703247,,,
SAMN27764247,WADSWORTH CENTER,SAMN15703257,,,
SAMN27764248,WADSWORTH CENTER,SAMN15703258,,,
SAMN27764249,WADSWORTH CENTER,SAMN15703259,,,
SAMN27764250,WADSWORTH CENTER,SAMN15703260,,,
SAMN27764241,WADSWORTH CENTER,SAMN15703251,,,
SAMN27764242,WADSWORTH CENTER,SAMN15703252,,,
SAMN27764243,WADSWORTH CENTER,SAMN15703253,,,
SAMN27764244,WADSWORTH CENTER,SAMN15703254,,,
SAMN27764245,WADSWORTH CENTER,SAMN15703255,,,
SAMN27764282,WADSWORTH CENTER,SAMN15703268,,,
SAMN27764283,WADSWORTH CENTER,SAMN15703269,,,
SAMN27764284,WADSWORTH CENTER,SAMN15703270,,,
SAMN27764231,WADSWORTH CENTER,SAMN15703241,,,
SAMN27764232,WADSWORTH CENTER,SAMN15703242,,,
SAMN27764277,WADSWORTH CENTER,SAMN15703263,,,
SAMN27764278,WADSWORTH CENTER,SAMN15703264,,,
SAMN27764279,WADSWORTH CENTER,SAMN15703265,,,
SAMN27764280,WADSWORTH CENTER,SAMN15703266,,,
SAMN27764281,WADSWORTH CENTER,SAMN15703267,,,
SAMN27764290,WADSWORTH CENTER,SAMN15703276,,,
SAMN27764291,WADSWORTH CENTER,SAMN15703277,,,
SAMN27764293,WADSWORTH CENTER,SAMN15703279,,,
SAMN27764294,WADSWORTH CENTER,SAMN15703280,,,
SAMN27764285,WADSWORTH CENTER,SAMN15703271,,,
SAMN27764286,WADSWORTH CENTER,SAMN15703272,,,
SAMN27764288,WADSWORTH CENTER,SAMN15703274,,,
SAMN27764180,WADSWORTH CENTER,SAMN15703228,,,
SAMN27764182,WADSWORTH CENTER,SAMN15703230,,,
SAMN27764275,WADSWORTH CENTER,SAMN15703261,,,
SAMN27764276,WADSWORTH CENTER,SAMN15703262,,,
SAMN27764175,WADSWORTH CENTER,SAMN15703223,,,
SAMN27764176,WADSWORTH CENTER,SAMN15703224,,,
SAMN27764178,WADSWORTH CENTER,SAMN15703226,,,
SAMN27764179,WADSWORTH CENTER,SAMN15703227,,,
SAMN27764188,WADSWORTH CENTER,SAMN15703236,,,
SAMN27764190,WADSWORTH CENTER,SAMN15703238,,,
SAMN27764192,WADSWORTH CENTER,SAMN15703240,,,
SAMN27764183,WADSWORTH CENTER,SAMN15703231,,,
SAMN27764184,WADSWORTH CENTER,SAMN15703232,,,
SAMN27764185,WADSWORTH CENTER,SAMN15703233,,,
SAMN27764186,WADSWORTH CENTER,SAMN15703234,,,
SAMN27764187,WADSWORTH CENTER,SAMN15703235,,,
SAMN27763797,WADSWORTH CENTER,SAMN15703208,,,
SAMN27763798,WADSWORTH CENTER,SAMN15703209,,,
SAMN27763799,WADSWORTH CENTER,SAMN15703210,,,
SAMN27764173,WADSWORTH CENTER,SAMN15703221,,,
SAMN27764174,WADSWORTH CENTER,SAMN15703222,,,
SAMN27763792,WADSWORTH CENTER,SAMN15703203,,,
SAMN27763793,WADSWORTH CENTER,SAMN15703204,,,
SAMN27763794,WADSWORTH CENTER,SAMN15703205,,,
SAMN27763795,WADSWORTH CENTER,SAMN15703206,,,
SAMN27763805,WADSWORTH CENTER,SAMN15703216,,,
SAMN27763806,WADSWORTH CENTER,SAMN15703217,,,
SAMN27763807,WADSWORTH CENTER,SAMN15703218,,,
SAMN27763800,WADSWORTH CENTER,SAMN15703211,,,
SAMN27763801,WADSWORTH CENTER,SAMN15703212,,,
SAMN27763804,WADSWORTH CENTER,SAMN15703215,,,
SAMN27763627,WADSWORTH CENTER,SAMN15703026,,,
SAMN27763628,WADSWORTH CENTER,SAMN15703027,,,
SAMN27763629,WADSWORTH CENTER,SAMN15703028,,,
SAMN27763622,WADSWORTH CENTER,SAMN15703020,,,
SAMN27763625,WADSWORTH CENTER,SAMN15703023,,,
SAMN27763626,WADSWORTH CENTER,SAMN15703024,,,
SAMN27763634,WADSWORTH CENTER,SAMN15703035,,,
SAMN27763636,WADSWORTH CENTER,SAMN15703038,,,
SAMN27763637,WADSWORTH CENTER,SAMN15703039,,,
SAMN27763621,WADSWORTH CENTER,SAMN15703019,,,
SAMN27763630,WADSWORTH CENTER,SAMN15703029,,,
SAMN27763631,WADSWORTH CENTER,SAMN15703031,,,
SAMN27763632,WADSWORTH CENTER,SAMN15703033,,,
SAMN27763633,WADSWORTH CENTER,SAMN15703034,,,
SAMN27763138,WADSWORTH CENTER,SAMN15703187,,,
SAMN27763139,WADSWORTH CENTER,SAMN15703188,,,
SAMN27763140,WADSWORTH CENTER,SAMN15703189,,,
SAMN27763141,WADSWORTH CENTER,SAMN15703190,,,
SAMN27763620,WADSWORTH CENTER,SAMN15703018,,,
SAMN27763134,WADSWORTH CENTER,SAMN15703183,,,
SAMN27763135,WADSWORTH CENTER,SAMN15703184,,,
SAMN27763137,WADSWORTH CENTER,SAMN15703186,,,
SAMN27763146,WADSWORTH CENTER,SAMN15703195,,,
SAMN27763148,WADSWORTH CENTER,SAMN15703197,,,
SAMN27763149,WADSWORTH CENTER,SAMN15703198,,,
SAMN27763150,WADSWORTH CENTER,SAMN15703199,,,
SAMN27763133,WADSWORTH CENTER,SAMN15703182,,,
SAMN27763142,WADSWORTH CENTER,SAMN15703191,,,
SAMN27763143,WADSWORTH CENTER,SAMN15703192,,,
SAMN27763099,WADSWORTH CENTER,SAMN15703167,,,
SAMN27763100,WADSWORTH CENTER,SAMN15703168,,,
SAMN27763102,WADSWORTH CENTER,SAMN15703170,,,
SAMN27763132,WADSWORTH CENTER,SAMN15703181,,,
SAMN27763095,WADSWORTH CENTER,SAMN15703163,,,
SAMN27763097,WADSWORTH CENTER,SAMN15703165,,,
SAMN27763098,WADSWORTH CENTER,SAMN15703166,,,
SAMN27763112,WADSWORTH CENTER,SAMN15703180,,,
SAMN27763107,WADSWORTH CENTER,SAMN15703175,,,
SAMN27763108,WADSWORTH CENTER,SAMN15703176,,,
SAMN27763109,WADSWORTH CENTER,SAMN15703177,,,
SAMN27763110,WADSWORTH CENTER,SAMN15703178,,,
SAMN27763111,WADSWORTH CENTER,SAMN15703179,,,
SAMN27763094,WADSWORTH CENTER,SAMN15703162,,,
SAMN27763103,WADSWORTH CENTER,SAMN15703171,,,
SAMN27763104,WADSWORTH CENTER,SAMN15703172,,,
SAMN27763106,WADSWORTH CENTER,SAMN15703174,,,
SAMN27763050,WADSWORTH CENTER,SAMN15703148,,,
SAMN27763051,WADSWORTH CENTER,SAMN15703149,,,
SAMN27763052,WADSWORTH CENTER,SAMN15703150,,,
SAMN27763093,WADSWORTH CENTER,SAMN15703161,,,
SAMN27763046,WADSWORTH CENTER,SAMN15703144,,,
SAMN27763047,WADSWORTH CENTER,SAMN15703145,,,
SAMN27763048,WADSWORTH CENTER,SAMN15703146,,,
SAMN27763062,WADSWORTH CENTER,SAMN15703160,,,
SAMN27763057,WADSWORTH CENTER,SAMN15703155,,,
SAMN27763058,WADSWORTH CENTER,SAMN15703156,,,
SAMN27763060,WADSWORTH CENTER,SAMN15703158,,,
SAMN27763061,WADSWORTH CENTER,SAMN15703159,,,
SAMN27763053,WADSWORTH CENTER,SAMN15703151,,,
SAMN27763054,WADSWORTH CENTER,SAMN15703152,,,
SAMN27763055,WADSWORTH CENTER,SAMN15703153,,,
SAMN27763056,WADSWORTH CENTER,SAMN15703154,,,
SAMN27762817,WADSWORTH CENTER,SAMN15703128,,,
SAMN27762818,WADSWORTH CENTER,SAMN15703129,,,
SAMN27762819,WADSWORTH CENTER,SAMN15703130,,,
SAMN27763043,WADSWORTH CENTER,SAMN15703141,,,
SAMN27762829,WADSWORTH CENTER,SAMN15703140,,,
SAMN27762812,WADSWORTH CENTER,SAMN15703123,,,
SAMN27762813,WADSWORTH CENTER,SAMN15703124,,,
SAMN27762824,WADSWORTH CENTER,SAMN15703135,,,
SAMN27762826,WADSWORTH CENTER,SAMN15703137,,,
SAMN27762811,WADSWORTH CENTER,SAMN15703122,,,
SAMN27762820,WADSWORTH CENTER,SAMN15703131,,,
SAMN27762822,WADSWORTH CENTER,SAMN15703133,,,
SAMN27762823,WADSWORTH CENTER,SAMN15703134,,,
SAMN27762751,WADSWORTH CENTER,SAMN15703107,,,
SAMN27762752,WADSWORTH CENTER,SAMN15703108,,,
SAMN27762753,WADSWORTH CENTER,SAMN15703109,,,
SAMN27762754,WADSWORTH CENTER,SAMN15703110,,,
SAMN27762764,WADSWORTH CENTER,SAMN15703120,,,
SAMN27762747,WADSWORTH CENTER,SAMN15703103,,,
SAMN27762749,WADSWORTH CENTER,SAMN15703105,,,
SAMN27762750,WADSWORTH CENTER,SAMN15703106,,,
SAMN27762746,WADSWORTH CENTER,SAMN15703102,,,
SAMN27762755,WADSWORTH CENTER,SAMN15703111,,,
SAMN27762756,WADSWORTH CENTER,SAMN15703112,,,
SAMN27762757,WADSWORTH CENTER,SAMN15703113,,,
SAMN27762530,WADSWORTH CENTER,SAMN15703087,,,
SAMN27762531,WADSWORTH CENTER,SAMN15703088,,,
SAMN27762532,WADSWORTH CENTER,SAMN15703089,,,
SAMN27762533,WADSWORTH CENTER,SAMN15703090,,,
SAMN27762745,WADSWORTH CENTER,SAMN15703101,,,
SAMN27762526,WADSWORTH CENTER,SAMN15703083,,,
SAMN27762528,WADSWORTH CENTER,SAMN15703085,,,
SAMN27762529,WADSWORTH CENTER,SAMN15703086,,,
SAMN27762543,WADSWORTH CENTER,SAMN15703100,,,
SAMN27762539,WADSWORTH CENTER,SAMN15703096,,,
SAMN27762540,WADSWORTH CENTER,SAMN15703097,,,
SAMN27762541,WADSWORTH CENTER,SAMN15703098,,,
SAMN27762525,WADSWORTH CENTER,SAMN15703082,,,
SAMN27762534,WADSWORTH CENTER,SAMN15703091,,,
SAMN27762535,WADSWORTH CENTER,SAMN15703092,,,
SAMN27762536,WADSWORTH CENTER,SAMN15703093,,,
SAMN27762537,WADSWORTH CENTER,SAMN15703094,,,
SAMN27762224,WADSWORTH CENTER,SAMN15703067,,,
SAMN27762225,WADSWORTH CENTER,SAMN15703068,,,
SAMN27762226,WADSWORTH CENTER,SAMN15703069,,,
SAMN27762524,WADSWORTH CENTER,SAMN15703081,,,
SAMN27762237,WADSWORTH CENTER,SAMN15703080,,,
SAMN27762220,WADSWORTH CENTER,SAMN15703063,,,
SAMN27762222,WADSWORTH CENTER,SAMN15703065,,,
SAMN27762221,WADSWORTH CENTER,SAMN15703064,,,
SAMN27762223,WADSWORTH CENTER,SAMN15703066,,,
SAMN27762232,WADSWORTH CENTER,SAMN15703075,,,
SAMN27762235,WADSWORTH CENTER,SAMN15703078,,,
SAMN27762234,WADSWORTH CENTER,SAMN15703077,,,
SAMN27762236,WADSWORTH CENTER,SAMN15703079,,,
SAMN27762219,WADSWORTH CENTER,SAMN15703062,,,
SAMN27762228,WADSWORTH CENTER,SAMN15703071,,,
SAMN27762229,WADSWORTH CENTER,SAMN15703072,,,
SAMN27762230,WADSWORTH CENTER,SAMN15703073,,,
SAMN27762231,WADSWORTH CENTER,SAMN15703074,,,
SAMN27761767,WADSWORTH CENTER,SAMN15703047,,,
SAMN27761768,WADSWORTH CENTER,SAMN15703048,,,
SAMN27761769,WADSWORTH CENTER,SAMN15703049,,,
SAMN27761770,WADSWORTH CENTER,SAMN15703050,,,
SAMN27762218,WADSWORTH CENTER,SAMN15703061,,,
SAMN27761763,WADSWORTH CENTER,SAMN15703043,,,
SAMN27761775,WADSWORTH CENTER,SAMN15703055,,,
SAMN27761776,WADSWORTH CENTER,SAMN15703056,,,
SAMN27761778,WADSWORTH CENTER,SAMN15703058,,,
SAMN27761762,WADSWORTH CENTER,SAMN15703042,,,
SAMN27761771,WADSWORTH CENTER,SAMN15703051,,,
SAMN27761772,WADSWORTH CENTER,SAMN15703052,,,
SAMN27761655,WADSWORTH CENTER,SAMN15703004,,,
SAMN27761656,WADSWORTH CENTER,SAMN15703005,,,
SAMN27761657,WADSWORTH CENTER,SAMN15703006,,,
SAMN27761658,WADSWORTH CENTER,SAMN15703007,,,
SAMN27761761,WADSWORTH CENTER,SAMN15703041,,,
SAMN27761651,WADSWORTH CENTER,SAMN15703000,,,
SAMN27761652,WADSWORTH CENTER,SAMN15703001,,,
SAMN27761653,WADSWORTH CENTER,SAMN15703002,,,
SAMN27761654,WADSWORTH CENTER,SAMN15703003,,,
SAMN27761668,WADSWORTH CENTER,SAMN15703017,,,
SAMN27761663,WADSWORTH CENTER,SAMN15703012,,,
SAMN27761664,WADSWORTH CENTER,SAMN15703013,,,
SAMN27761665,WADSWORTH CENTER,SAMN15703014,,,
SAMN27761650,WADSWORTH CENTER,SAMN15702999,,,
SAMN27761660,WADSWORTH CENTER,SAMN15703009,,,
SAMN27761661,WADSWORTH CENTER,SAMN15703010,,,
SAMN27761662,WADSWORTH CENTER,SAMN15703011,,,
SAMN27761579,WADSWORTH CENTER,SAMN15702985,,,
SAMN27761581,WADSWORTH CENTER,SAMN15702987,,,
SAMN27761649,WADSWORTH CENTER,SAMN15702998,,,
SAMN27761591,WADSWORTH CENTER,SAMN15702997,,,
SAMN27761575,WADSWORTH CENTER,SAMN15702981,,,
SAMN27761576,WADSWORTH CENTER,SAMN15702982,,,
SAMN27761577,WADSWORTH CENTER,SAMN15702983,,,
SAMN27761587,WADSWORTH CENTER,SAMN15702993,,,
SAMN27761589,WADSWORTH CENTER,SAMN15702995,,,
SAMN27761590,WADSWORTH CENTER,SAMN15702996,,,
SAMN27761573,WADSWORTH CENTER,SAMN15702979,,,
SAMN27761582,WADSWORTH CENTER,SAMN15702988,,,
SAMN27761584,WADSWORTH CENTER,SAMN15702990,,,
SAMN27761585,WADSWORTH CENTER,SAMN15702991,,,
SAMN27761471,WADSWORTH CENTER,SAMN15702966,,,
SAMN27761472,WADSWORTH CENTER,SAMN15702967,,,
SAMN27761572,WADSWORTH CENTER,SAMN15702978,,,
SAMN27761482,WADSWORTH CENTER,SAMN15702977,,,
SAMN27761466,WADSWORTH CENTER,SAMN15702961,,,
SAMN27761467,WADSWORTH CENTER,SAMN15702962,,,
SAMN27761468,WADSWORTH CENTER,SAMN15702963,,,
SAMN27761477,WADSWORTH CENTER,SAMN15702972,,,
SAMN27761478,WADSWORTH CENTER,SAMN15702973,,,
SAMN27761479,WADSWORTH CENTER,SAMN15702974,,,
SAMN27761480,WADSWORTH CENTER,SAMN15702975,,,
SAMN27761481,WADSWORTH CENTER,SAMN15702976,,,
SAMN27761464,WADSWORTH CENTER,SAMN15702959,,,
SAMN27761474,WADSWORTH CENTER,SAMN15702969,,,
SAMN27761475,WADSWORTH CENTER,SAMN15702970,,,
SAMN27761476,WADSWORTH CENTER,SAMN15702971,,,
SAMN27761170,WADSWORTH CENTER,SAMN15702944,,,
SAMN27761171,WADSWORTH CENTER,SAMN15702945,,,
SAMN27761172,WADSWORTH CENTER,SAMN15702946,,,
SAMN27761463,WADSWORTH CENTER,SAMN15702958,,,
SAMN27761183,WADSWORTH CENTER,SAMN15702957,,,
SAMN27761166,WADSWORTH CENTER,SAMN15702940,,,
SAMN27761168,WADSWORTH CENTER,SAMN15702942,,,
SAMN27761169,WADSWORTH CENTER,SAMN15702943,,,
SAMN27761178,WADSWORTH CENTER,SAMN15702952,,,
SAMN27761179,WADSWORTH CENTER,SAMN15702953,,,
SAMN27761180,WADSWORTH CENTER,SAMN15702954,,,
SAMN27761181,WADSWORTH CENTER,SAMN15702955,,,
SAMN27761182,WADSWORTH CENTER,SAMN15702956,,,
SAMN27761165,WADSWORTH CENTER,SAMN15702939,,,
SAMN27761174,WADSWORTH CENTER,SAMN15702948,,,
SAMN27761175,WADSWORTH CENTER,SAMN15702949,,,
SAMN27761176,WADSWORTH CENTER,SAMN15702950,,,
SAMN27761177,WADSWORTH CENTER,SAMN15702951,,,
SAMN27743961,WADSWORTH CENTER,SAMN15702925,,,
SAMN27743963,WADSWORTH CENTER,SAMN15702927,,,
SAMN27761164,WADSWORTH CENTER,SAMN15702938,,,
SAMN27743956,WADSWORTH CENTER,SAMN15702920,,,
SAMN27743958,WADSWORTH CENTER,SAMN15702922,,,
SAMN27743959,WADSWORTH CENTER,SAMN15702923,,,
SAMN27743973,WADSWORTH CENTER,SAMN15702937,,,
SAMN27743969,WADSWORTH CENTER,SAMN15702933,,,
SAMN27743970,WADSWORTH CENTER,SAMN15702934,,,
SAMN27743971,WADSWORTH CENTER,SAMN15702935,,,
SAMN27743972,WADSWORTH CENTER,SAMN15702936,,,
SAMN27743964,WADSWORTH CENTER,SAMN15702928,,,
SAMN27743955,WADSWORTH CENTER,SAMN15702919,,,
SAMN27743965,WADSWORTH CENTER,SAMN15702929,,,
SAMN27743967,WADSWORTH CENTER,SAMN15702931,,,
SAMN27743954,WADSWORTH CENTER,SAMN15702918,,,
SAMN08382087,THE UNIVERSITY OF QUEENSLAND,SAMN08382328,,,
SAMN31060376,CENTER FOR MOLECULAR DYNAMICS NEPAL,SAMN31060379,,,
SAMN31060377,CENTER FOR MOLECULAR DYNAMICS NEPAL,SAMN31060380,,,
SAMN31060375,CENTER FOR MOLECULAR DYNAMICS NEPAL,SAMN31060378,,,
,CANADIAN FOOD INSPECTION AGENCY,,SAMN31746260,SRR22314237,SRR22314236
,CANADIAN FOOD INSPECTION AGENCY,,SAMN31746122,SRR22314235,SRR22314234
,CANADIAN FOOD INSPECTION AGENCY,,SAMN33010680,SRR23325069,SRR23325070
,CANADIAN FOOD INSPECTION AGENCY,,SAMN40530662,SRR28378595,SRR29584401
,UMCG,,SAMN18521321,SRR14196859,SRR14196858
,UMCG,,SAMN18521322,SRR14196857,SRR14196856
,UMCG,,SAMN18521323,SRR14196855,SRR14196854
,UMCG,,SAMN18521324,SRR14196853,SRR14196852
,UMCG,,SAMN18521325,SRR14196850,SRR14196849
,UMCG,,SAMN18521326,SRR14196848,SRR14196847
,UMCG,,SAMN18521327,SRR14196846,SRR14196845
,UMCG,,SAMN18521328,SRR14196844,SRR14196843
,UMCG,,SAMN18521329,SRR14196842,SRR14196841
,UMCG,,SAMN18521315,SRR14196863,SRR14196862
,UMCG,,SAMN18521316,SRR14196851,SRR14196840
,UMCG,,SAMN18521317,SRR14196829,SRR14196818
,UMCG,,SAMN18521320,SRR14196861,SRR14196860
,UMCG,,SAMN18521318,SRR14196817,SRR14196816
,UMCG,,SAMN18521319,SRR14196815,SRR14196814
,"BB-NCIPD LTD.; NATIONAL CENTER OF INFECTIOUS AND PARASITIC DISEASES (NCIPD), SOFIA, BULGARIA",,SAMN16605479,SRR13014435,SRR13076399
,HARVARD MEDICAL SCHOOL,,SAMN43777470,SRR30670645,SRR30670646
,RESEARCH INSTITUTE FOR TROPICAL MEDICINE,,SAMN41453946,SRR29081046,SRR29081119
,RESEARCH INSTITUTE FOR TROPICAL MEDICINE,,SAMN41453947,SRR29081045,SRR29081118
,RESEARCH INSTITUTE FOR TROPICAL MEDICINE,,SAMN41453948,SRR29081034,SRR29081107
,RESEARCH INSTITUTE FOR TROPICAL MEDICINE,,SAMN41453949,SRR29081023,SRR29081096
,RESEARCH INSTITUTE FOR TROPICAL MEDICINE,,SAMN41453950,SRR29081012,SRR29081085
,RESEARCH INSTITUTE FOR TROPICAL MEDICINE,,SAMN41453951,SRR29080996,SRR29081074
,RESEARCH INSTITUTE FOR TROPICAL MEDICINE,,SAMN41453952,SRR29080985,SRR29081063
,RESEARCH INSTITUTE FOR TROPICAL MEDICINE,,SAMN41453953,SRR29080974,SRR29081052
,RESEARCH INSTITUTE FOR TROPICAL MEDICINE,,SAMN41453954,SRR29081007,SRR29081048
,RESEARCH INSTITUTE FOR TROPICAL MEDICINE,,SAMN41453955,SRR29081006,SRR29081047
,RESEARCH INSTITUTE FOR TROPICAL MEDICINE,,SAMN41453956,SRR29081044,SRR29081117
,RESEARCH INSTITUTE FOR TROPICAL MEDICINE,,SAMN41453957,SRR29081043,SRR29081116
,RESEARCH INSTITUTE FOR TROPICAL MEDICINE,,SAMN41453958,SRR29081042,SRR29081115
,RESEARCH INSTITUTE FOR TROPICAL MEDICINE,,SAMN41453959,SRR29081041,SRR29081114
,RESEARCH INSTITUTE FOR TROPICAL MEDICINE,,SAMN41453960,SRR29081040,SRR29081113
,RESEARCH INSTITUTE FOR TROPICAL MEDICINE,,SAMN41453961,SRR29081039,SRR29081112
,RESEARCH INSTITUTE FOR TROPICAL MEDICINE,,SAMN41453962,SRR29081038,SRR29081111
,RESEARCH INSTITUTE FOR TROPICAL MEDICINE,,SAMN41453963,SRR29081037,SRR29081110
,RESEARCH INSTITUTE FOR TROPICAL MEDICINE,,SAMN41453964,SRR29081036,SRR29081109
,RESEARCH INSTITUTE FOR TROPICAL MEDICINE,,SAMN41453965,SRR29081035,SRR29081108
,RESEARCH INSTITUTE FOR TROPICAL MEDICINE,,SAMN41453966,SRR29081033,SRR29081106
,RESEARCH INSTITUTE FOR TROPICAL MEDICINE,,SAMN41453967,SRR29081032,SRR29081105
,RESEARCH INSTITUTE FOR TROPICAL MEDICINE,,SAMN41453968,SRR29081031,SRR29081104
,RESEARCH INSTITUTE FOR TROPICAL MEDICINE,,SAMN41453969,SRR29081030,SRR29081103
,RESEARCH INSTITUTE FOR TROPICAL MEDICINE,,SAMN41453970,SRR29081029,SRR29081102
,RESEARCH INSTITUTE FOR TROPICAL MEDICINE,,SAMN41453971,SRR29081028,SRR29081101
,RESEARCH INSTITUTE FOR TROPICAL MEDICINE,,SAMN41453972,SRR29081027,SRR29081100
,RESEARCH INSTITUTE FOR TROPICAL MEDICINE,,SAMN41453973,SRR29081026,SRR29081099
,RESEARCH INSTITUTE FOR TROPICAL MEDICINE,,SAMN41453974,SRR29081025,SRR29081098
,RESEARCH INSTITUTE FOR TROPICAL MEDICINE,,SAMN41453975,SRR29081024,SRR29081097
,RESEARCH INSTITUTE FOR TROPICAL MEDICINE,,SAMN41453976,SRR29081022,SRR29081095
,RESEARCH INSTITUTE FOR TROPICAL MEDICINE,,SAMN41453977,SRR29081021,SRR29081094
,RESEARCH INSTITUTE FOR TROPICAL MEDICINE,,SAMN41453978,SRR29081020,SRR29081093
,RESEARCH INSTITUTE FOR TROPICAL MEDICINE,,SAMN41453979,SRR29081019,SRR29081092
,RESEARCH INSTITUTE FOR TROPICAL MEDICINE,,SAMN41453980,SRR29081018,SRR29081091
,RESEARCH INSTITUTE FOR TROPICAL MEDICINE,,SAMN41453981,SRR29081017,SRR29081090
,RESEARCH INSTITUTE FOR TROPICAL MEDICINE,,SAMN41453982,SRR29081016,SRR29081089
,RESEARCH INSTITUTE FOR TROPICAL MEDICINE,,SAMN41453983,SRR29081015,SRR29081088
,RESEARCH INSTITUTE FOR TROPICAL MEDICINE,,SAMN41453984,SRR29081014,SRR29081087
,RESEARCH INSTITUTE FOR TROPICAL MEDICINE,,SAMN41453985,SRR29081013,SRR29081086
,RESEARCH INSTITUTE FOR TROPICAL MEDICINE,,SAMN41453986,SRR29081011,SRR29081084
,RESEARCH INSTITUTE FOR TROPICAL MEDICINE,,SAMN41453987,SRR29081005,SRR29081083
,WADSWORTH CENTER,,SAMN35560946,SRR24799299,SRR24918247
,WADSWORTH CENTER,,SAMN35560947,SRR24799288,SRR24918236
,WADSWORTH CENTER,,SAMN35560952,SRR24799276,SRR24918214
,WADSWORTH CENTER,,SAMN35560956,SRR24799271,SRR24918212
,WADSWORTH CENTER,,SAMN35560957,SRR24799270,SRR24918211
,WADSWORTH CENTER,,SAMN35560958,SRR24799269,SRR24918257
,WADSWORTH CENTER,,SAMN35560960,SRR24799267,SRR24918255
,WADSWORTH CENTER,,SAMN35560963,SRR24799264,SRR24918254
,WADSWORTH CENTER,,SAMN35560964,SRR24799263,SRR24918253
,WADSWORTH CENTER,,SAMN35560967,SRR24799259,SRR24918252
,WADSWORTH CENTER,,SAMN35560972,SRR24799254,SRR24918251
,WADSWORTH CENTER,,SAMN35560973,SRR24799253,SRR24918250
,WADSWORTH CENTER,,SAMN35560974,SRR24799252,SRR24918249
,WADSWORTH CENTER,,SAMN35560976,SRR24799249,SRR24918248
,WADSWORTH CENTER,,SAMN35560979,SRR24799246,SRR24918246
,WADSWORTH CENTER,,SAMN35560986,SRR24799238,SRR24918245
,WADSWORTH CENTER,,SAMN35560987,SRR24799237,SRR24918244
,WADSWORTH CENTER,,SAMN35560990,SRR24799234,SRR24918243
,WADSWORTH CENTER,,SAMN35560991,SRR24799233,SRR24918242
,WADSWORTH CENTER,,SAMN35560992,SRR24799232,SRR24918241
,WADSWORTH CENTER,,SAMN35560997,SRR24799226,SRR24918240
,WADSWORTH CENTER,,SAMN35561009,SRR24799213,SRR24918239
,WADSWORTH CENTER,,SAMN35561012,SRR24799210,SRR24918238
,WADSWORTH CENTER,,SAMN35561014,SRR24799208,SRR24918237
,WADSWORTH CENTER,,SAMN35561016,SRR24799205,SRR24918235
,WADSWORTH CENTER,,SAMN35561019,SRR24799202,SRR24918234
,WADSWORTH CENTER,,SAMN35561020,SRR24799201,SRR24918233
,WADSWORTH CENTER,,SAMN35561021,SRR24799200,SRR24918232
,WADSWORTH CENTER,,SAMN35561022,SRR24799199,SRR24918231
,WADSWORTH CENTER,,SAMN35561028,SRR24799192,SRR24918230
,WADSWORTH CENTER,,SAMN35561032,SRR24799188,SRR24918229
,WADSWORTH CENTER,,SAMN35561033,SRR24799187,SRR24918228
,WADSWORTH CENTER,,SAMN35561035,SRR24799185,SRR24918227
,WADSWORTH CENTER,,SAMN35561036,SRR24799298,SRR24918226
,WADSWORTH CENTER,,SAMN35561037,SRR24799297,SRR24918224
,WADSWORTH CENTER,,SAMN35561038,SRR24799296,SRR24918223
,WADSWORTH CENTER,,SAMN35561039,SRR24799295,SRR24918222
,WADSWORTH CENTER,,SAMN35561041,SRR24799293,SRR24918221
,WADSWORTH CENTER,,SAMN35561042,SRR24799292,SRR24918220
,WADSWORTH CENTER,,SAMN35561043,SRR24799291,SRR24918219
,WADSWORTH CENTER,,SAMN35561045,SRR24799289,SRR24918218
,WADSWORTH CENTER,,SAMN35561046,SRR24799287,SRR24918217
,WADSWORTH CENTER,,SAMN35561050,SRR24799283,SRR24918216
,WADSWORTH CENTER,,SAMN31020197,SRR21710917,SRR24918179
,WADSWORTH CENTER,,SAMN31020199,SRR21710938,SRR24918259
,WADSWORTH CENTER,,SAMN31023088,SRR21713549,SRR24918258
,WADSWORTH CENTER,,SAMN31037896,SRR21727735,SRR24918225
,WADSWORTH CENTER,,SAMN31037897,SRR21727724,SRR24918215
,WADSWORTH CENTER,,SAMN31038526,SRR21727886,SRR24918213
,WADSWORTH CENTER,,SAMN31062683,SRR21736377,SRR24918256
,IRCCS SAN RAFFAELE HOSPITAL,,SAMN32746372,SRR23086729,SRR23086724
,IRCCS SAN RAFFAELE HOSPITAL,,SAMN32746373,SRR23086728,SRR23086723
,IRCCS SAN RAFFAELE HOSPITAL,,SAMN32746374,SRR23086717,SRR23086722
,IRCCS SAN RAFFAELE HOSPITAL,,SAMN32746375,SRR23086710,SRR23086721
,IRCCS SAN RAFFAELE HOSPITAL,,SAMN32746376,SRR23086709,SRR23086720
,IRCCS SAN RAFFAELE HOSPITAL,,SAMN32746377,SRR23086708,SRR23086719
,IRCCS SAN RAFFAELE HOSPITAL,,SAMN32746378,SRR23086707,SRR23086718
,IRCCS SAN RAFFAELE HOSPITAL,,SAMN32746379,SRR23086706,SRR23086716
,IRCCS SAN RAFFAELE HOSPITAL,,SAMN32746380,SRR23086705,SRR23086715
,IRCCS SAN RAFFAELE HOSPITAL,,SAMN32746381,SRR23086704,SRR23086714
,IRCCS SAN RAFFAELE HOSPITAL,,SAMN32746382,SRR23086727,SRR23086713
,IRCCS SAN RAFFAELE HOSPITAL,,SAMN32746383,SRR23086726,SRR23086712
,"SCHOOL OF VETERINARY MEDICINE, UNIVERSITY COLLEGE DUBLIN",,SAMN37576636,SRR26203936,SRR26203935
,IRCCS SAN RAFFAELE HOSPITAL,,SAMN32746384,SRR23086725,SRR23086711
,MINISTRY OF PUBLIC HEALTH (THAILAND),,SAMN43535130,SRR30629697,SRR30694577
,MINISTRY OF PUBLIC HEALTH (THAILAND),,SAMN43535141,SRR30629587,SRR30694576
,MINISTRY OF PUBLIC HEALTH (THAILAND),,SAMN43535142,SRR30629585,SRR30694568
,MINISTRY OF PUBLIC HEALTH (THAILAND),,SAMN43535151,SRR30629576,SRR30694567
,MINISTRY OF PUBLIC HEALTH (THAILAND),,SAMN43535316,SRR30629866,SRR30694566
,MINISTRY OF PUBLIC HEALTH (THAILAND),,SAMN43535327,SRR30629853,SRR30694565
,MINISTRY OF PUBLIC HEALTH (THAILAND),,SAMN43535361,SRR30630062,SRR30694564
,MINISTRY OF PUBLIC HEALTH (THAILAND),,SAMN43535384,SRR30629509,SRR30694563
,MINISTRY OF PUBLIC HEALTH (THAILAND),,SAMN43535408,SRR30629828,SRR30694562
,MINISTRY OF PUBLIC HEALTH (THAILAND),,SAMN43535413,SRR30629822,SRR30694561
,MINISTRY OF PUBLIC HEALTH (THAILAND),,SAMN43535534,SRR30629310,SRR30694575
,MINISTRY OF PUBLIC HEALTH (THAILAND),,SAMN43535613,SRR30629760,SRR30694574
,MINISTRY OF PUBLIC HEALTH (THAILAND),,SAMN43535676,SRR30629409,SRR30694573
,MINISTRY OF PUBLIC HEALTH (THAILAND),,SAMN43535696,SRR30629956,SRR30694572
,MINISTRY OF PUBLIC HEALTH (THAILAND),,SAMN43535704,SRR30629947,SRR30694571
,MINISTRY OF PUBLIC HEALTH (THAILAND),,SAMN43535707,SRR30629944,SRR30694570
,MINISTRY OF PUBLIC HEALTH (THAILAND),,SAMN43535709,SRR30629942,SRR30694569
,SAN RAFFAELE SCIENTIFIC INSTITUTE,,SAMN27305103,SRR18636082,SRR23035463
,RUTGERS NJMS,,SAMN28173809,SRR20082800,SRR20082799
,UMCG,,SAMN18521330,SRR14196839,SRR14196838
,UMCG,,SAMN18521339,SRR14196820,SRR14196819
,UMCG,,SAMN18521332,SRR14196835,SRR14196834
,UMCG,,SAMN18521333,SRR14196833,SRR14196832
,UMCG,,SAMN18521334,SRR14196831,SRR14196830
,UMCG,,SAMN18521335,SRR14196828,SRR14196827
,UMCG,,SAMN18521336,SRR14196826,SRR14196825
,UMCG,,SAMN18521337,SRR14196824,SRR14196823
,UMCG,,SAMN18521338,SRR14196822,SRR14196821
,STATENS SERUM INSTITUT,,SAMEA104027311,ERR1949967,ERR2724039
,STATENS SERUM INSTITUT,,SAMEA104027311,ERR1949967,ERR2724040
,STATENS SERUM INSTITUT,,SAMEA104027311,ERR2724042,ERR2724039
,STATENS SERUM INSTITUT,,SAMEA104027311,ERR2724042,ERR2724040
,EMBL-EBI,,SAMEA13188658,ERR9030348,ERR9030361
,EMBL-EBI,,SAMEA13188659,ERR9030337,ERR9030369
,EMBL-EBI,,SAMEA13188660,ERR9030251,ERR9030326
,EMBL-EBI,,SAMEA13188661,ERR9030486,ERR9030252
,EMBL-EBI,,SAMEA13188662,ERR9030356,ERR9030513
,EMBL-EBI,,SAMEA13188663,ERR9030410,ERR9030329
,EMBL-EBI,,SAMEA13188664,ERR9030273,ERR9030514
,EMBL-EBI,,SAMEA13188665,ERR9030494,ERR9030286
,EMBL-EBI,,SAMEA13188666,ERR9030338,ERR9030299
,EMBL-EBI,,SAMEA13188667,ERR9030268,ERR9030416
,EMBL-EBI,,SAMEA13188668,ERR9030442,ERR9030265
,EMBL-EBI,,SAMEA13188669,ERR9030445,ERR9030527
,EMBL-EBI,,SAMEA13188670,ERR9030411,ERR9030255
,EMBL-EBI,,SAMEA13188671,ERR9030463,ERR9030355
,EMBL-EBI,,SAMEA13188672,ERR9030380,ERR9030310
,EMBL-EBI,,SAMEA13188673,ERR9030450,ERR9030511
,EMBL-EBI,,SAMEA13188675,ERR9030436,ERR9030537
,EMBL-EBI,,SAMEA13188676,ERR9030384,ERR9030371
,EMBL-EBI,,SAMEA13188677,ERR9030492,ERR9030425
,EMBL-EBI,,SAMEA13188678,ERR9030351,ERR9030342
,EMBL-EBI,,SAMEA13188679,ERR9030473,ERR9030400
,EMBL-EBI,,SAMEA13188680,ERR9030495,ERR9030521
,EMBL-EBI,,SAMEA13188681,ERR9030357,ERR9030422
,EMBL-EBI,,SAMEA13188683,ERR9030313,ERR9030430
,EMBL-EBI,,SAMEA13188684,ERR9030460,ERR9030476
,EMBL-EBI,,SAMEA13188686,ERR9030531,ERR9030512
,EMBL-EBI,,SAMEA13188687,ERR9030295,ERR9030362
,EMBL-EBI,,SAMEA13188690,ERR9030504,ERR9030507
,EMBL-EBI,,SAMEA13188691,ERR9030308,ERR9030349
,EMBL-EBI,,SAMEA13188692,ERR9030502,ERR9030382
,EMBL-EBI,,SAMEA13188693,ERR9030288,ERR9030376
,EMBL-EBI,,SAMEA13188694,ERR9030464,ERR9030542
,EMBL-EBI,,SAMEA13188695,ERR9030396,ERR9030448
,EMBL-EBI,,SAMEA13188696,ERR9030490,ERR9030437
,EMBL-EBI,,SAMEA13188697,ERR9030401,ERR9030449
,EMBL-EBI,,SAMEA13188698,ERR9030496,ERR9030366
,EMBL-EBI,,SAMEA13188699,ERR9030500,ERR9030522
,EMBL-EBI,,SAMEA13188700,ERR9030294,ERR9030315
,EMBL-EBI,,SAMEA13188701,ERR9030352,ERR9030364
,EMBL-EBI,,SAMEA13188702,ERR9030535,ERR9030249
,EMBL-EBI,,SAMEA13188703,ERR9030298,ERR9030379
,EMBL-EBI,,SAMEA13188704,ERR9030372,ERR9030428
,EMBL-EBI,,SAMEA13188705,ERR9030297,ERR9030420
,EMBL-EBI,,SAMEA13188706,ERR9030363,ERR9030328
,EMBL-EBI,,SAMEA13188707,ERR9030399,ERR9030540
,EMBL-EBI,,SAMEA13188708,ERR9030458,ERR9030341
,EMBL-EBI,,SAMEA13188709,ERR9030347,ERR9030333
,EMBL-EBI,,SAMEA13188710,ERR9030525,ERR9030433
,EMBL-EBI,,SAMEA13188711,ERR9030443,ERR9030501
,EMBL-EBI,,SAMEA13188712,ERR9030402,ERR9030532
,EMBL-EBI,,SAMEA13188713,ERR9030293,ERR9030319
,EMBL-EBI,,SAMEA13188714,ERR9030387,ERR9030523
,EMBL-EBI,,SAMEA13188716,ERR9030529,ERR9030474
,EMBL-EBI,,SAMEA13188717,ERR9030483,ERR9030325
,EMBL-EBI,,SAMEA13188718,ERR9030289,ERR9030419
,EMBL-EBI,,SAMEA13188719,ERR9030451,ERR9030254
,EMBL-EBI,,SAMEA13188720,ERR9030385,ERR9030438
,EMBL-EBI,,SAMEA13188721,ERR9030353,ERR9030418
,EMBL-EBI,,SAMEA13188722,ERR9030256,ERR9030429
,EMBL-EBI,,SAMEA13188723,ERR9030305,ERR9030427
,EMBL-EBI,,SAMEA13188724,ERR9030528,ERR9030344
,EMBL-EBI,,SAMEA13188725,ERR9030456,ERR9030478
,EMBL-EBI,,SAMEA13188726,ERR9030491,ERR9030475
,EMBL-EBI,,SAMEA13188727,ERR9030303,ERR9030469
,EMBL-EBI,,SAMEA13188728,ERR9030510,ERR9030432
,EMBL-EBI,,SAMEA13188729,ERR9030263,ERR9030412
,EMBL-EBI,,SAMEA13188730,ERR9030446,ERR9030345
,EMBL-EBI,,SAMEA13188732,ERR9030390,ERR9030434
,EMBL-EBI,,SAMEA13188733,ERR9030480,ERR9030278
,EMBL-EBI,,SAMEA13188734,ERR9030406,ERR9030365
,EMBL-EBI,,SAMEA13188735,ERR9030307,ERR9030481
,EMBL-EBI,,SAMEA13188736,ERR9030487,ERR9030477
,EMBL-EBI,,SAMEA13188737,ERR9030269,ERR9030452
,EMBL-EBI,,SAMEA13188738,ERR9030455,ERR9030421
,EMBL-EBI,,SAMEA13188739,ERR9030453,ERR9030314
,EMBL-EBI,,SAMEA13188740,ERR9030302,ERR9030403
,EMBL-EBI,,SAMEA13188741,ERR9030484,ERR9030330
,EMBL-EBI,,SAMEA13188742,ERR9030395,ERR9030439
,EMBL-EBI,,SAMEA13188743,ERR9030291,ERR9030536
,EMBL-EBI,,SAMEA13188744,ERR9030534,ERR9030367
,EMBL-EBI,,SAMEA13188745,ERR9030300,ERR9030311
,EMBL-EBI,,SAMEA13188746,ERR9030274,ERR9030397
,EMBL-EBI,,SAMEA13188747,ERR9030413,ERR9030466
,EMBL-EBI,,SAMEA13188748,ERR9030392,ERR9030435
,EMBL-EBI,,SAMEA13188751,ERR9030526,ERR9030336
,EMBL-EBI,,SAMEA13188752,ERR9030393,ERR9030327
,EMBL-EBI,,SAMEA13188756,ERR9030317,ERR9030386
,EMBL-EBI,,SAMEA13188757,ERR9030405,ERR9030468
,EMBL-EBI,,SAMEA13188758,ERR9030358,ERR9030488
,EMBL-EBI,,SAMEA13188759,ERR9030388,ERR9030394
,EMBL-EBI,,SAMEA13188760,ERR9030359,ERR9030467
,EMBL-EBI,,SAMEA13188763,ERR9030275,ERR9030354
,EMBL-EBI,,SAMEA13188766,ERR9030264,ERR9030284
,EMBL-EBI,,SAMEA13188769,ERR9030318,ERR9030454
,EMBL-EBI,,SAMEA13188772,ERR9030459,ERR9030509
,EMBL-EBI,,SAMEA13188774,ERR9030482,ERR9030498
,EMBL-EBI,,SAMEA13188777,ERR9030270,ERR9030283
,EMBL-EBI,,SAMEA13188778,ERR9030407,ERR9030431
,EMBL-EBI,,SAMEA13188779,ERR9030461,ERR9030462
,EMBL-EBI,,SAMEA13188780,ERR9030331,ERR9030253
,EMBL-EBI,,SAMEA13188786,ERR9030447,ERR9030471
,EMBL-EBI,,SAMEA13188787,ERR9030306,ERR9030280
,EMBL-EBI,,SAMEA13188789,ERR9030524,ERR9030415
,EMBL-EBI,,SAMEA13188790,ERR9030272,ERR9030296
,MODMEDMICRO,,SAMEA5228844,ERR3077901,ERR3078032
,MODMEDMICRO,,SAMEA5228845,ERR3077902,ERR3078033
,MODMEDMICRO,,SAMEA5228846,ERR3077903,ERR3078034
,MODMEDMICRO,,SAMEA5228847,ERR3077904,ERR3078035
,MODMEDMICRO,,SAMEA5228848,ERR3077905,ERR3078036
,RESEARCH INSTITUTE FOR TROPICAL MEDICINE,,SAMN41453988,SRR29081004,SRR29081082
,RESEARCH INSTITUTE FOR TROPICAL MEDICINE,,SAMN41453989,SRR29081003,SRR29081081
,RESEARCH INSTITUTE FOR TROPICAL MEDICINE,,SAMN41453990,SRR29081002,SRR29081080
,RESEARCH INSTITUTE FOR TROPICAL MEDICINE,,SAMN41453991,SRR29081001,SRR29081079
,RESEARCH INSTITUTE FOR TROPICAL MEDICINE,,SAMN41453992,SRR29081000,SRR29081078
,RESEARCH INSTITUTE FOR TROPICAL MEDICINE,,SAMN41453993,SRR29080999,SRR29081077
,RESEARCH INSTITUTE FOR TROPICAL MEDICINE,,SAMN41453994,SRR29080998,SRR29081076
,RESEARCH INSTITUTE FOR TROPICAL MEDICINE,,SAMN41453995,SRR29080997,SRR29081075
,RESEARCH INSTITUTE FOR TROPICAL MEDICINE,,SAMN41453996,SRR29080995,SRR29081073
,RESEARCH INSTITUTE FOR TROPICAL MEDICINE,,SAMN41453997,SRR29080994,SRR29081072
,RESEARCH INSTITUTE FOR TROPICAL MEDICINE,,SAMN41453998,SRR29080993,SRR29081071
,RESEARCH INSTITUTE FOR TROPICAL MEDICINE,,SAMN41453999,SRR29080992,SRR29081070
,RESEARCH INSTITUTE FOR TROPICAL MEDICINE,,SAMN41454000,SRR29080991,SRR29081069
,RESEARCH INSTITUTE FOR TROPICAL MEDICINE,,SAMN41454001,SRR29080990,SRR29081068
,RESEARCH INSTITUTE FOR TROPICAL MEDICINE,,SAMN41454002,SRR29080989,SRR29081067
,RESEARCH INSTITUTE FOR TROPICAL MEDICINE,,SAMN41454003,SRR29080988,SRR29081066
,RESEARCH INSTITUTE FOR TROPICAL MEDICINE,,SAMN41454004,SRR29080987,SRR29081065
,RESEARCH INSTITUTE FOR TROPICAL MEDICINE,,SAMN41454005,SRR29080986,SRR29081064
,RESEARCH INSTITUTE FOR TROPICAL MEDICINE,,SAMN41454006,SRR29080984,SRR29081062
,RESEARCH INSTITUTE FOR TROPICAL MEDICINE,,SAMN41454007,SRR29080983,SRR29081061
,RESEARCH INSTITUTE FOR TROPICAL MEDICINE,,SAMN41454008,SRR29080982,SRR29081060
,RESEARCH INSTITUTE FOR TROPICAL MEDICINE,,SAMN41454009,SRR29080981,SRR29081059
,RESEARCH INSTITUTE FOR TROPICAL MEDICINE,,SAMN41454010,SRR29080980,SRR29081058
,RESEARCH INSTITUTE FOR TROPICAL MEDICINE,,SAMN41454011,SRR29080979,SRR29081057
,RESEARCH INSTITUTE FOR TROPICAL MEDICINE,,SAMN41454012,SRR29080978,SRR29081056
,RESEARCH INSTITUTE FOR TROPICAL MEDICINE,,SAMN41454013,SRR29080977,SRR29081055
,RESEARCH INSTITUTE FOR TROPICAL MEDICINE,,SAMN41454014,SRR29080976,SRR29081054
,RESEARCH INSTITUTE FOR TROPICAL MEDICINE,,SAMN41454015,SRR29080975,SRR29081053
,RESEARCH INSTITUTE FOR TROPICAL MEDICINE,,SAMN41454016,SRR29081010,SRR29081051
,RESEARCH INSTITUTE FOR TROPICAL MEDICINE,,SAMN41454017,SRR29081009,SRR29081050
,RESEARCH INSTITUTE FOR TROPICAL MEDICINE,,SAMN41454018,SRR29081008,SRR29081049
,THE UNIVERSITY OF MELBOURNE,,SAMN40453083,SRR28370698,SRR28370672
,THE UNIVERSITY OF MELBOURNE,,SAMN40453083,SRR28370698,SRR28370678
